{
    "hbar": 1.05457e-25,
    "m0": 1.6605e-27,
    "ab": 5.2917721e-05,
    "mu_B": 9.2732e-12,
    "grav": 9.8,
    "Ar": 87,
    "a": 10.0
}